{
  "total_applications": 3,
  "success_count": 0,
  "error_count": 0,
  "average_processing_time": 3.457069396972656e-05,
  "success_rate": 0.0,
  "status_distribution": {
    "validation_failed": 3
  },
  "processing_time_stats": {
    "min": 2.7418136596679688e-05,
    "max": 4.839897155761719e-05,
    "mean": 3.457069396972656e-05,
    "median": 2.7894973754882812e-05,
    "std": 1.1978012740211936e-05
  }
}